index,id,artist,asciiName,availability,borderColor,cardKingdomFoilId,cardKingdomId,colorIdentity,colorIndicator,colors,convertedManaCost,duelDeck,edhrecRank,faceConvertedManaCost,faceName,flavorName,flavorText,frameEffects,frameVersion,hand,hasAlternativeDeckLimit,hasContentWarning,hasFoil,hasNonFoil,isAlternative,isFullArt,isOnlineOnly,isOversized,isPromo,isReprint,isReserved,isStarter,isStorySpotlight,isTextless,isTimeshifted,keywords,layout,leadershipSkills,life,loyalty,manaCost,mcmId,mcmMetaId,mtgArenaId,mtgjsonV4Id,mtgoFoilId,mtgoId,multiverseId,name,number,originalReleaseDate,originalText,originalType,otherFaceIds,power,printings,promoTypes,purchaseUrls,rarity,scryfallId,scryfallIllustrationId,scryfallOracleId,setCode,side,subtypes,supertypes,tcgplayerProductId,text,toughness,type,types,uuid,variations,watermark
0,1,Pete Venters,,"mtgo,paper",black,,122719,W,,W,7.0,,15782.0,,,,,,2003,,0,0,0,1,0,0,0,0,0,1,0,0,0,0,0,First strike,normal,,,,{5}{W}{W},16165,156,,ad41be73-582f-58ed-abd4-a88c1f616ac3,27501,27500,130550,Ancestor's Chosen,1,,"First strike (This creature deals combat damage before creatures without first strike.)
When Ancestor's Chosen comes into play, you gain 1 life for each card in your graveyard.",Creature - Human Cleric,,4,"10E,JUD,UMA",,"{'cardKingdom': 'https://mtgjson.com/links/9fb51af0ad6f0736', 'cardmarket': 'https://mtgjson.com/links/ace8861194ee0b6a', 'tcgplayer': 'https://mtgjson.com/links/4843cea124a0d515'}",uncommon,7a5cd03c-4227-4551-aa4b-7d119f0468b5,be2f7173-c8b7-4172-a388-9b2c6b3c16e5,fc2ccab7-cab1-4463-b73d-898070136d74,10E,,"Human,Cleric",,15032,"First strike (This creature deals combat damage before creatures without first strike.)
When Ancestor's Chosen enters the battlefield, you gain 1 life for each card in your graveyard.",4,Creature — Human Cleric,Creature,5f8287b1-5bb6-5f4c-ad17-316a40d5bb0c,b7c19924-b4bf-56fc-aa73-f586e940bd42,
1,2,Volkan Baǵa,,"mtgo,paper",black,,122720,W,,W,5.0,,12746.0,,,,Every tear shed is a drop of immortality.,,2003,,0,0,0,1,0,0,0,0,0,1,0,0,0,0,0,Flying,normal,,,,{4}{W},16166,176,,9eb2e54c-a12b-5e88-a9c0-d8c84c52d59c,26993,26992,129465,Angel of Mercy,2,,"Flying (This creature can't be blocked except by creatures with flying or reach.)
When Angel of Mercy comes into play, you gain 3 life.",Creature - Angel,,3,"10E,8ED,9ED,DDC,DVD,IMA,INV,JMP,MB1,P02,PS11,PSAL,S99",,"{'cardKingdom': 'https://mtgjson.com/links/027095d094e58f5b', 'cardmarket': 'https://mtgjson.com/links/f6fb5098e1cd1b1e', 'tcgplayer': 'https://mtgjson.com/links/56c4b57293f350ef'}",uncommon,8f7980d4-da43-4d6d-ad16-14b8a34ae91d,e4d6c53f-e936-4be8-8b70-47c2be863b20,a2daaf32-dbfe-4618-892e-0da24f63a44a,10E,,Angel,,15033,"Flying
When Angel of Mercy enters the battlefield, you gain 3 life.",3,Creature — Angel,Creature,57aaebc1-850c-503d-9f6e-bb8d00d8bf7c,8fd4e2eb-3eb4-50ea-856b-ef638fa47f8a,
2,3,Justin Sweet,,"mtgo,paper",black,,122725,W,,W,4.0,,11307.0,,,,,,2003,,0,0,0,1,0,0,0,0,0,1,0,0,0,0,0,Flying,normal,,,,{3}{W},16171,368,,c0de6fd8-367a-50fb-b2f4-2b8fa5aeb7d9,27473,27472,129470,Aven Cloudchaser,7,,"Flying (This creature can't be blocked except by creatures with flying or reach.)
When Aven Cloudchaser comes into play, destroy target enchantment.",Creature - Bird Soldier,,2,"10E,8ED,9ED,ODY",,"{'cardKingdom': 'https://mtgjson.com/links/9246105d88032a9f', 'cardmarket': 'https://mtgjson.com/links/dcdfe48e6a8f9e1e', 'tcgplayer': 'https://mtgjson.com/links/3ce595aabe276f80'}",common,407110e9-19af-4ff5-97b2-c03225031a73,2eb663cd-020a-46d8-a6d9-bb63d4b5c848,48bda7dd-d023-41e8-8c28-e0cfda0d07ca,10E,,"Bird,Soldier",,15045,"Flying (This creature can't be blocked except by creatures with flying or reach.)
When Aven Cloudchaser enters the battlefield, destroy target enchantment.",2,Creature — Bird Soldier,Creature,8ac972b5-9f6e-5cc8-91c3-b9a40a98232e,6adaf14d-43e3-521a-adf1-960c808e5b1a,
3,4,Matthew D. Wilson,,"mtgo,paper",black,123094,122726,W,,W,4.0,,12926.0,,,,The perfect antidote for a tightly packed formation.,,2003,,0,0,1,1,0,0,0,0,0,1,0,0,0,0,0,,normal,,,,{3}{W},16172,423,,bfbb65b1-f1bb-5355-9495-fb094f9b0782,27327,27326,129477,Ballista Squad,8,,"{X}{W}, {T}: Ballista Squad deals X damage to target attacking or blocking creature.",Creature - Human Rebel,,2,"10E,9ED,MMQ",,"{'cardKingdom': 'https://mtgjson.com/links/d702da7661073a13', 'cardKingdomFoil': 'https://mtgjson.com/links/fbb773ed07f117ac', 'cardmarket': 'https://mtgjson.com/links/f04d4a0c97f986fe', 'tcgplayer': 'https://mtgjson.com/links/1e6874adc6cbd28f'}",uncommon,a4d17394-b9c4-43f6-9a6d-2c7c7ecb1d74,8464353d-099c-47ba-a0eb-e08b7b76b464,5973725c-6e1f-4d7e-bcef-3d867ea4c244,10E,,"Human,Rebel",,15048,"{X}{W}, {T}: Ballista Squad deals X damage to target attacking or blocking creature.",2,Creature — Human Rebel,Creature,a69b404f-144a-5317-b10e-7d9dce135b24,,
4,5,Rebecca Guay,,"mtgo,paper",black,123095,122727,W,,W,1.0,,3960.0,,,,"Life is measured in inches. To a healer, every one of those inches is precious.",,2003,,0,0,1,1,0,0,0,0,0,1,0,0,0,0,0,,normal,,,,{W},16173,432,,a634f6df-fd74-54d9-a56c-3fdd2ad3e9bf,27095,27094,132106,Bandage,9,,"Prevent the next 1 damage that would be dealt to target creature or player this turn.
Draw a card.",Instant,,,"10E,STH,TPR",,"{'cardKingdom': 'https://mtgjson.com/links/a072a876146b29bc', 'cardKingdomFoil': 'https://mtgjson.com/links/30995197ba8fc8c1', 'cardmarket': 'https://mtgjson.com/links/35a66170a09a59c7', 'tcgplayer': 'https://mtgjson.com/links/d091fd8b400df945'}",common,c9c17e3b-4d7f-4472-afe1-8e9358b82f2c,af3d1d9e-8a04-4ba5-aa96-9ea678daaa2b,c664df64-0103-462b-a0f8-c483b152974a,10E,,,,15049,"Prevent the next 1 damage that would be dealt to any target this turn.
Draw a card.",,Instant,Instant,6d268c95-c176-5766-9a46-c14f739aba1c,,
5,6,Rob Alexander,,"mtgo,paper",black,123096,122728,W,,W,6.0,,2823.0,,,,The cave floods with light. A thousand rays shine forth and meld into one.,,2003,,0,0,1,1,0,0,0,0,0,1,0,0,0,0,0,,normal,,,,{5}{W},16174,499,,43f8222f-3fd5-5491-9e76-5b1cc9a86e93,27622,27621,130553,Beacon of Immortality,10,,Double target player's life total. Shuffle Beacon of Immortality into its owner's library.,Instant,,,"10E,5DN,E02,MB1",,"{'cardKingdom': 'https://mtgjson.com/links/641aecf0d3150e1f', 'cardKingdomFoil': 'https://mtgjson.com/links/8aaf9f7f17f79315', 'cardmarket': 'https://mtgjson.com/links/8919bf4f1f651197', 'tcgplayer': 'https://mtgjson.com/links/04830bb89a273674'}",rare,f0b9b5da-d3fa-4d70-a71a-a2342dbfd527,e314cc4f-55dc-48c5-abb3-2aa78e940020,bfcdf563-c6e5-4a54-bb63-4aba219b94e2,10E,,,,15052,Double target player's life total. Shuffle Beacon of Immortality into its owner's library.,,Instant,Instant,56f4935b-f6c5-59b9-88bf-9bcce20247ce,,
6,7,Zoltan Boros & Gabor Szikszai,,"mtgo,paper",black,,122729,W,,W,3.0,,13172.0,,,,"""We called them 'armored lightning.'""
—Gerrard of the *Weatherlight*",,2003,,0,0,0,1,0,0,0,0,0,1,0,0,0,0,0,"First strike,Flash",normal,,,,{2}{W},16175,520,,1c5f900e-982d-5c65-89fd-46dd4db76716,27217,27216,136279,Benalish Knight,11,,"Flash (You may play this spell any time you could play an instant.)
First strike (This creature deals combat damage before creatures without first strike.)",Creature - Human Knight,,2,"10E,ATH,WTH",,"{'cardKingdom': 'https://mtgjson.com/links/d9c713a9894e9d63', 'cardmarket': 'https://mtgjson.com/links/654c1a3a20333a30', 'tcgplayer': 'https://mtgjson.com/links/2fbe5cd35119ca23'}",common,d0ae60d0-20d3-452c-9953-e229567c06f5,52e78c38-9de7-465b-9ef6-db8b4c857409,32b401e9-163f-4917-a728-fc63b25ef602,10E,,"Human,Knight",,15054,"Flash (You may cast this spell any time you could cast an instant.)
First strike (This creature deals combat damage before creatures without first strike.)",2,Creature — Human Knight,Creature,62365fbb-af07-5c2a-976d-e3092bdfc317,0d2a4e1d-cc12-5675-8044-9a7bc7d60050,
7,8,Zoltan Boros & Gabor Szikszai,,"mtgo,paper",black,123097,,W,,W,3.0,,13172.0,,,,"""We called them 'armored lightning.'""
—Gerrard of the *Weatherlight*",,2003,,0,0,1,0,1,0,0,0,0,1,0,0,0,0,0,"First strike,Flash",normal,,,,{2}{W},16175,520,,50eac642-2fda-5f35-a5fc-6f6e10c3ee85,,,,Benalish Knight,11★,,,,,2,"10E,ATH,WTH",,"{'cardKingdomFoil': 'https://mtgjson.com/links/f1e4d8ed22a75d81', 'cardmarket': 'https://mtgjson.com/links/e29a1f7888edb9c9', 'tcgplayer': 'https://mtgjson.com/links/2f94fec978473fbf'}",common,bccebfdd-85cb-4549-93a4-c0dcd667ee04,52e78c38-9de7-465b-9ef6-db8b4c857409,32b401e9-163f-4917-a728-fc63b25ef602,10E,,"Human,Knight",,15054,"Flash (You may cast this spell any time you could cast an instant.)
First strike (This creature deals combat damage before creatures without first strike.)",2,Creature — Human Knight,Creature,0d2a4e1d-cc12-5675-8044-9a7bc7d60050,62365fbb-af07-5c2a-976d-e3092bdfc317,
8,9,Steven Belledin,,"mtgo,paper",black,123098,122730,W,,W,4.0,,10012.0,,,,"""Mercadia's masks can no longer hide the truth. Our day has come at last.""",,2003,,0,0,1,1,0,0,0,0,0,1,0,0,0,0,0,,normal,"{'brawl': False, 'commander': True, 'oathbreaker': False}",,,{2}{W}{W},16176,971,,8f6bfe34-f704-5ac8-a025-921a0276bb54,27187,27186,130554,"Cho-Manno, Revolutionary",12,,"Prevent all damage that would be dealt to Cho-Manno, Revolutionary.",Legendary Creature - Human Rebel,,2,"10E,MMQ,PS11",,"{'cardKingdom': 'https://mtgjson.com/links/8b23ca3e6a53519c', 'cardKingdomFoil': 'https://mtgjson.com/links/5fa521ab3f994840', 'cardmarket': 'https://mtgjson.com/links/b1acf2fb171a5d2e', 'tcgplayer': 'https://mtgjson.com/links/be0135925ca66ebf'}",rare,fe04dfe7-6376-4c12-9404-0e1ae0942917,443c01cf-c337-4b68-9a0a-cd39a3e103f5,91af5e35-b3b8-43ce-b1ea-997ed74e4ad2,10E,,"Human,Rebel",Legendary,15070,"Prevent all damage that would be dealt to Cho-Manno, Revolutionary.",2,Legendary Creature — Human Rebel,Creature,81daea6a-2735-5a46-a2da-b65a2ad5738f,,
9,10,Daren Bader,,"mtgo,paper",black,123099,122731,W,,W,1.0,,1923.0,,,,"""No doubt the arbiters would put you away, after all the documents are signed. But I will have justice now!""
—Alovnek, Boros guildmage",,2003,,0,0,1,1,0,0,0,0,0,1,0,0,0,0,0,,normal,,,,{W},16177,7562,,42b053db-3d18-5e1a-b4c8-c39233ad9afe,27740,27739,130528,Condemn,13,,Put target attacking creature on the bottom of its owner's library. Its controller gains life equal to its toughness.,Instant,,,"10E,C14,C17,CMR,DDL,DIS,M11,P07,PRM,PS11,TD0,TD2,ZNC",,"{'cardKingdom': 'https://mtgjson.com/links/d17930d5637c1e89', 'cardKingdomFoil': 'https://mtgjson.com/links/7e0b1c1e656fc86d', 'cardmarket': 'https://mtgjson.com/links/af7c4f7223ac32ec', 'tcgplayer': 'https://mtgjson.com/links/7f98bb25bbd3aba2'}",uncommon,ea9edff0-58a8-405d-9f2e-39f8269bbcb2,57c58043-4790-4852-82e3-09efb42d7803,377d31b5-0a48-4d5b-91bd-b5a62d4f7899,10E,,,,15081,Put target attacking creature on the bottom of its owner's library. Its controller gains life equal to its toughness.,,Instant,Instant,7fef665c-36a1-5f7a-9299-cf8938708710,,
10,11,Thomas M. Baxa,,"mtgo,paper",black,123218,,B,,B,2.0,,14482.0,,,,"""My favorite curses are those that manifest slowly, blackening the soul in ways the victim cannot hope to understand.""
—Erissa, bog witch",,2003,,0,0,1,0,1,0,0,0,0,1,0,0,0,0,0,Enchant,normal,,,,{1}{B},16296,1117,,e0d8ae7a-f932-5b4b-b262-74ed78de4a7c,,,,Contaminated Bond,132★,,,,,,"10E,9ED,MRD",,"{'cardKingdomFoil': 'https://mtgjson.com/links/790c3ec44c289f6b', 'cardmarket': 'https://mtgjson.com/links/d5c8d5fccbe0e6ec', 'tcgplayer': 'https://mtgjson.com/links/75879469351a1bc9'}",common,67f5ba76-b6dd-46cb-8b5f-415da19986e0,455626bc-4c8c-4257-a12e-21ac7207e1fe,56aeaee8-e014-485e-b7ad-e26ade663bcf,10E,,Aura,,15084,"Enchant creature (Target a creature as you cast this. This card enters the battlefield attached to that creature.)
Whenever enchanted creature attacks or blocks, its controller loses 3 life.",,Enchantment — Aura,Enchantment,9c0311e8-03c1-527d-9d90-6fa2dba2aae9,2562f5f1-4de2-5834-a9ff-99092380d910,
11,12,Jim Nelson,,"mtgo,paper",black,123225,,B,,B,2.0,,11586.0,,,,"""The dead make good soldiers. They can't disobey orders, never surrender, and don't stop fighting when a random body part falls off.""
—Nevinyrral,
*Necromancer's Handbook*",,2003,,0,0,1,0,1,0,0,0,0,1,0,0,0,0,0,,normal,,,,{1}{B},16303,1631,,b9f5ce14-f268-5eb2-840c-461b5455b99e,,,,Drudge Skeletons,139★,,,,,1,"10E,2ED,3ED,4BB,4ED,5ED,6ED,7ED,8ED,9ED,CED,CEI,DDD,DPA,FBB,GVL,LEA,LEB,M10,PS11,SUM",,"{'cardKingdomFoil': 'https://mtgjson.com/links/c8a8bf838995f771', 'cardmarket': 'https://mtgjson.com/links/675cd859cd4c229e', 'tcgplayer': 'https://mtgjson.com/links/e9a3b897e9ca4811'}",uncommon,d9038925-7acf-42b7-abec-c8eec9f591b6,3e2ce229-eced-4197-9642-9f0c4f83bbc3,c180ed02-07f4-4538-9bea-8c249234a8e2,10E,,Skeleton,,15108,"{B}: Regenerate Drudge Skeletons. (The next time this creature would be destroyed this turn, it isn't. Instead tap it, remove all damage from it, and remove it from combat.)",1,Creature — Skeleton,Creature,d9902515-6292-5a4a-9bde-a7616ad5f0bc,2d080e75-7e1b-5f75-9c8f-18d02a4710dd,
12,13,Christopher Rush,,"mtgo,paper",black,123100,122732,W,,W,1.0,,8910.0,,,,"""Illusion is a crutch for those with no grounding in reality.""
—Cho-Manno",,2003,,0,0,1,1,0,0,0,0,0,1,0,0,0,0,0,,normal,,,,{W},16178,1439,,60d5ea8d-6c6c-5ed8-8b53-6d0c91e9f4c8,27507,27506,129524,Demystify,14,,Destroy target enchantment.,Instant,,,"10E,8ED,9ED,M12,ONS,ROE,XLN",,"{'cardKingdom': 'https://mtgjson.com/links/81546f8c1e0ce797', 'cardKingdomFoil': 'https://mtgjson.com/links/74124ec5b0fea589', 'cardmarket': 'https://mtgjson.com/links/d00c59f67e0679a2', 'tcgplayer': 'https://mtgjson.com/links/b9cdae2189de3793'}",common,6197c672-dfa1-4d1e-97ea-af916864d23c,d608ba52-66cc-42ab-bee9-d46dfec2f754,fd591199-9f7a-4147-a150-13279dbb4498,10E,,,,15097,Destroy target enchantment.,,Instant,Instant,2f9c211e-1869-5b3f-94ea-f73b7910a5af,,
13,14,Adam Rex,,"mtgo,paper",black,123228,,B,,B,2.0,,9933.0,,,,"""Even the bravest of warriors yet knows the dark clutch of fright upon his stalwart heart.""
—Lim-Dûl the Necromancer",,2003,,0,0,1,0,1,0,0,0,0,1,0,0,0,0,0,Enchant,normal,,,,{B}{B},16306,1979,,f3805ee8-ab58-5746-aed4-0bd25f1633b8,,,,Fear,142★,,,,,,"10E,2ED,3ED,4BB,4ED,5ED,6ED,7ED,8ED,9ED,CED,CEI,FBB,ICE,LEA,LEB,SUM",,"{'cardKingdomFoil': 'https://mtgjson.com/links/11caf8c877c6814f', 'cardmarket': 'https://mtgjson.com/links/982f8bcc343ae3a7', 'tcgplayer': 'https://mtgjson.com/links/991c84975096c04b'}",common,5da4136b-ad5b-4234-a476-90e1dcae00c6,2c079c5c-4f68-4a66-93ac-aabbf1ac4056,355bbe9b-59bf-470f-8600-410af4c7fe18,10E,,Aura,,15120,"Enchant creature (Target a creature as you cast this. This card enters the battlefield attached to that creature.)
Enchanted creature has fear. (It can't be blocked except by artifact creatures and/or black creatures.)",,Enchantment — Aura,Enchantment,f49300ef-efa0-5b82-ace3-f2f06795fbd5,b159e707-915c-5940-bd70-7f0416cc8def,
14,15,Stephen Tappin,,"mtgo,paper",black,,122733,W,,W,3.0,,7164.0,,,,He is the only one who sees the patterns in the overlapping maps and conflicting reports.,,2003,,0,0,0,1,0,0,0,0,0,1,0,0,0,0,0,,normal,,,,{1}{W}{W},16179,8191,,f80fd1e6-0ac6-5db3-bac6-efd541cb9ec7,27752,27751,135258,Field Marshal,15,,Other Soldier creatures get +1/+1 and have first strike. (They deal combat damage before creatures without first strike.),Creature - Human Soldier,,2,"10E,CSP",,"{'cardKingdom': 'https://mtgjson.com/links/71782330a610acaa', 'cardmarket': 'https://mtgjson.com/links/269b1fb454ae7d53', 'tcgplayer': 'https://mtgjson.com/links/e88bd7336e647e0a'}",rare,1e22d287-274e-4222-9ed7-3e609a84ac07,9d77dc26-2898-46f4-9984-c8100320c433,1c0a53fc-8037-46e3-90ea-cb8b73631a83,10E,,"Human,Soldier",,15123,Other Soldier creatures get +1/+1 and have first strike. (They deal combat damage before creatures without first strike.),2,Creature — Human Soldier,Creature,668c64a2-cecb-5f48-af16-d7a64814d3e7,6d6a31d5-a80b-5f31-9b46-2c2083a95581,
15,16,Greg Staples,,"mtgo,paper",black,123237,,B,,B,3.0,,4629.0,,,,Its victims are known by their eyes: shattered vessels leaking broken dreams.,,2003,,0,0,1,0,1,0,0,0,0,1,0,0,0,0,0,Flying,normal,,,,{1}{B}{B},16315,2784,,654077d3-ec17-5a82-b7b2-37aadcb09dce,,,,Hypnotic Specter,151★,,,,,2,"10E,2ED,3ED,4BB,4ED,9ED,ATH,CED,CEI,FBB,HA1,LEA,LEB,M10,MB1,P06,PRM,PTC,SUM",,"{'cardKingdomFoil': 'https://mtgjson.com/links/3e9bba9e8ffa4e44', 'cardmarket': 'https://mtgjson.com/links/b3bbc7ad44eb72a2', 'tcgplayer': 'https://mtgjson.com/links/2f053106a7f9bc14'}",rare,2110f97e-d9a2-4575-be70-8b13dc85d418,91b6d088-e235-4a3c-98f5-9a39389f8be0,759af941-f6a3-4726-91f2-9b1e4e55ea71,10E,,Specter,,15171,"Flying
Whenever Hypnotic Specter deals damage to an opponent, that player discards a card at random.",2,Creature — Specter,Creature,f39b4446-0ca6-5446-8507-4b1ba37bb3e7,c620a95f-984f-5234-b8f3-a2e359972e85,
16,17,Ittoku,,"mtgo,paper",black,123102,122734,W,,W,2.0,,18539.0,,,,"""I thought of fate as an iron lattice, intricate but rigidly unchangeable. That was until some force bent fate's bars to spare my life.""
—Ilromov, traveling storyteller",,2003,,0,0,1,1,0,0,0,0,0,1,0,0,0,0,0,,normal,,,,{1}{W},16180,7755,,e74a0b1f-7e31-5482-bcbb-5de87838d659,27738,27737,132105,Ghost Warden,16,,{T}: Target creature gets +1/+1 until end of turn.,Creature - Spirit,,1,"10E,GPT",,"{'cardKingdom': 'https://mtgjson.com/links/20eeb164fe9b8a10', 'cardKingdomFoil': 'https://mtgjson.com/links/988ba0cb483d4211', 'cardmarket': 'https://mtgjson.com/links/b442008c3c720e38', 'tcgplayer': 'https://mtgjson.com/links/0454a19dc68d3c10'}",common,2cd81534-79cb-4fde-bfa5-11c510ac6e11,96ac670c-de65-43af-a257-4a9f5b242e63,66bd5999-742a-43e0-827c-ecb8ec7db242,10E,,Spirit,,15141,{T}: Target creature gets +1/+1 until end of turn.,1,Creature — Spirit,Creature,d68306e2-9877-5987-84b3-12b8234c8eec,,
17,18,Kev Walker,,"mtgo,paper",black,123103,122735,W,,W,3.0,,3484.0,,,,"Once heard, the battle song of an angel becomes part of the listener forever.",,2003,,0,0,1,1,0,0,0,0,0,1,0,0,0,0,0,,normal,,,,{1}{W}{W},16181,2361,,3512bcb5-7103-5605-88ed-b89e3171cc2b,27289,27288,129572,Glorious Anthem,17,,Creatures you control get +1/+1.,Enchantment,,,"10E,7ED,8ED,9ED,M21,PJAS,PJJT,PJSE,PM21,PRM,PS11,PSUS,USG",,"{'cardKingdom': 'https://mtgjson.com/links/b2be19d1b97c001f', 'cardKingdomFoil': 'https://mtgjson.com/links/15c47c361fb90f65', 'cardmarket': 'https://mtgjson.com/links/247dd3288842f727', 'tcgplayer': 'https://mtgjson.com/links/a1682f95aafef1a2'}",rare,2efbc588-019e-416a-938c-4ccbe7121335,1b1a6269-0822-4f73-b61f-ef580839e425,e3886fe8-9b76-4613-8891-4ec74657c087,10E,,,,15144,Creatures you control get +1/+1.,,Enchantment,Enchantment,546eac7c-1424-597d-ac13-bf8558e88fe3,,
18,19,Anthony S. Waters,,"mtgo,paper",black,123104,122736,W,,W,1.0,,15879.0,,,,"""Do not let a single shaft loose until my word. And when I give that word, do not leave a single shaft in Eiganjo.""
—General Takeno",,2003,,0,0,1,1,0,0,0,0,0,1,0,0,0,0,0,,normal,,,,{X}{W},16182,7266,,aff69ea2-98dc-5567-86ea-616b3d97fbf1,27666,27665,132107,Hail of Arrows,18,,Hail of Arrows deals X damage divided as you choose among any number of target attacking creatures.,Instant,,,"10E,CN2,SOK",,"{'cardKingdom': 'https://mtgjson.com/links/868c6df7a48bba43', 'cardKingdomFoil': 'https://mtgjson.com/links/40b24847b091ccca', 'cardmarket': 'https://mtgjson.com/links/9a872231aefbeb1f', 'tcgplayer': 'https://mtgjson.com/links/6de9c56b75114fea'}",uncommon,5a49daec-5f0f-497b-a88e-fa62bf48ca23,c20ae19e-db9a-4217-bbe4-04e7d44c65a9,37429f88-e29b-4b1b-90fd-23a04d703c0a,10E,,,,15155,Hail of Arrows deals X damage divided as you choose among any number of target attacking creatures.,,Instant,Instant,c19bcfc2-fc10-5040-8239-1c193098df47,,
19,20,Luca Zontini,,"mtgo,paper",black,,122737,W,,W,3.0,,16314.0,,,,,,2003,,0,0,0,1,0,0,0,0,0,1,0,0,0,0,0,Enchant,normal,,,,{2}{W},16183,7421,,20468a65-9ffa-5d19-94a8-91d5aa3fa445,27662,27661,132090,Heart of Light,19,,"Enchant creature (Target a creature as you play this. This card comes into play attached to that creature.)
Prevent all damage that would be dealt to and dealt by enchanted creature.",Enchantment - Aura,,,"10E,BOK",,"{'cardKingdom': 'https://mtgjson.com/links/c2242e3062629e2e', 'cardmarket': 'https://mtgjson.com/links/ab9c29914fe2f09d', 'tcgplayer': 'https://mtgjson.com/links/c3580cefc8556adc'}",common,45aa4b29-ce6b-4579-bee6-06a9ccfda55c,4a0ca00f-0ea8-4f2b-b660-bf498541afcb,634d0256-849d-4ef7-b070-b6b8f3242e00,10E,,Aura,,15158,"Enchant creature (Target a creature as you cast this. This card enters the battlefield attached to that creature.)
Prevent all damage that would be dealt to and dealt by enchanted creature.",,Enchantment — Aura,Enchantment,36fcaa1e-64e3-56e3-950c-907db167e41f,08548840-8e62-5fed-b432-f2a5a0cb5f4e,
20,21,rk post,,"mtgo,paper",black,123106,122738,W,,W,1.0,,12398.0,,,,"In war, as in society, position is everything.",,2003,,0,0,1,1,0,0,0,0,0,1,0,0,0,0,0,,normal,,,,{W},16184,2690,,dd5518e9-f47e-5e9b-af98-d08d6bb4a13b,27243,27242,132145,High Ground,20,,Each creature you control can block an additional creature.,Enchantment,,,"10E,EXO",,"{'cardKingdom': 'https://mtgjson.com/links/26c254a9ce7eaf74', 'cardKingdomFoil': 'https://mtgjson.com/links/d8765c5b50d1a26e', 'cardmarket': 'https://mtgjson.com/links/5c0a0f903b78e816', 'tcgplayer': 'https://mtgjson.com/links/48539170282b98b8'}",uncommon,b79b3153-8874-458d-8e7e-cf97c6c1887c,c3998375-78f7-4e56-bfcd-af3fbec94bbe,b59053d5-b5f2-44aa-a29c-7f3908d86577,10E,,,,15160,Each creature you control can block an additional creature each combat.,,Enchantment,Enchantment,60f49caf-3583-5f85-b4b3-08dca73a8628,,
21,22,Dan Dos Santos,,"mtgo,paper",black,123109,122741,W,,W,1.0,,19835.0,,,,The strength of one. The courage of ten.,,2003,,0,0,1,1,0,0,0,0,0,1,0,0,0,0,0,,normal,,,,{W},16187,2717,,6ab172f1-9688-5edd-86c6-3bf2e69e14b7,26995,26994,129595,Honor Guard,23,,{W}: Honor Guard gets +0/+1 until end of turn.,Creature - Human Soldier,,1,"10E,7ED,8ED,9ED,STH",,"{'cardKingdom': 'https://mtgjson.com/links/1bbf258d5d94f66e', 'cardKingdomFoil': 'https://mtgjson.com/links/a0d8414719600592', 'cardmarket': 'https://mtgjson.com/links/a679e5ad1a1c1099', 'tcgplayer': 'https://mtgjson.com/links/0f8a2caea0d2a69e'}",common,9c8a5add-87af-447d-9fd7-c4aeec3685fb,a8748d0f-0c8e-490b-b4e5-c9d3a8b905be,4ba82d8e-1857-40a9-8b42-5d8348c68859,10E,,"Human,Soldier",,15165,{W}: Honor Guard gets +0/+1 until end of turn.,1,Creature — Human Soldier,Creature,9bee1901-1125-5635-9e22-3b4f37989c37,,
22,23,Stephen Tappin,,"mtgo,paper",black,123110,122742,W,,W,1.0,,20031.0,,,,"Grelden knelt and felt the cool, dry hand of the priest on his brow. Hours later, when his wits returned, he was covered in his enemies' blood on the field of victory.",,2003,,0,0,1,1,0,0,0,0,0,1,0,0,0,0,0,,normal,,,,{W},16188,2793,,a22a8e1d-0b61-5139-b464-4e6b01114baa,26999,26998,132123,Icatian Priest,24,,{1}{W}{W}: Target creature gets +1/+1 until end of turn.,Creature - Human Cleric,,1,"10E,DDC,DVD,FEM",,"{'cardKingdom': 'https://mtgjson.com/links/3b6b2edb33cac090', 'cardKingdomFoil': 'https://mtgjson.com/links/3ba1eb7eb6f54e4a', 'cardmarket': 'https://mtgjson.com/links/e09bda3d118e0235', 'tcgplayer': 'https://mtgjson.com/links/ea25fd98aaa01b1a'}",uncommon,71f8c040-b6da-42f4-9140-7cd5eceb51c7,f8348e16-e638-42b4-a917-157019fbb8ee,3a9d29ce-e8e2-402f-b0c2-873f70418234,10E,,"Human,Cleric",,15172,{1}{W}{W}: Target creature gets +1/+1 until end of turn.,1,Creature — Human Cleric,Creature,cb865391-5b14-58ce-aa99-b36b83e6377f,,
23,24,D. Alexander Gregory,,"mtgo,paper",black,123120,122752,W,,W,3.0,,12837.0,,,,Samite healers never mix their pungent elixir with sweetener or tea. The threat of a second dose is enough to get most warriors back on their feet.,,2003,,0,0,1,1,0,0,0,0,0,1,0,0,0,0,0,,normal,,,,{2}{W},16198,4681,,acf305cb-7044-59dd-8ab0-a8a7c147909a,27351,27350,132089,Reviving Dose,34,,"You gain 3 life.
Draw a card.",Instant,,,"10E,CN2,INV,MB1",,"{'cardKingdom': 'https://mtgjson.com/links/dedf83ee563f238d', 'cardKingdomFoil': 'https://mtgjson.com/links/a0b7b97146406a5b', 'cardmarket': 'https://mtgjson.com/links/44e2bd93fbba432a', 'tcgplayer': 'https://mtgjson.com/links/2b59764bd477fdb3'}",common,15b3dd79-ac4c-4ffc-9442-1efa0082f60f,a2f92d90-485f-428e-8ce5-1acc4479ac33,ad470afc-d1a5-4e64-8192-fb6308ed9bfe,10E,,,,15278,"You gain 3 life.
Draw a card.",,Instant,Instant,39b50224-8305-56dd-9849-09deecb07d20,,
24,25,Matthew D. Wilson,,"mtgo,paper",black,,122753,W,,W,9.0,,1965.0,,,,"""You have not died until I consent.""",,2003,,0,0,0,1,0,0,0,0,0,1,0,0,0,0,0,Flying,normal,"{'brawl': False, 'commander': True, 'oathbreaker': False}",,,{6}{W}{W}{W},16199,4686,,d8e69220-25d2-5845-853e-a17c83d93e5e,27107,27106,106384,Reya Dawnbringer,35,,"Flying (This creature can't be blocked except by creatures with flying or reach.)
At the beginning of your upkeep, you may return target creature card from your graveyard to play.",Legendary Creature - Angel,,4,"10E,CNS,DDC,DVD,INV,P10E,PRM,PZ1,UMA",,"{'cardKingdom': 'https://mtgjson.com/links/b05c8d9ad691ab88', 'cardmarket': 'https://mtgjson.com/links/42fec2210d953796', 'tcgplayer': 'https://mtgjson.com/links/a52970811426bc8e'}",rare,4b81ef83-41c2-46dc-aff9-41bb3a32637a,d95b0a47-3742-46ed-a761-ed8a81ab3007,08d1a5d1-141d-48e3-ac22-c2529191cb13,10E,,Angel,Legendary,15279,"Flying
At the beginning of your upkeep, you may return target creature card from your graveyard to the battlefield.",6,Legendary Creature — Angel,Creature,6028cab2-0478-584b-a880-8174a88eb188,341f9c8d-a838-58f9-933b-094c8d889a88,
25,26,Wayne England,,"mtgo,paper",black,123122,122754,W,,W,1.0,,9127.0,,,,Sometimes the greatest strength is the strength of conviction.,,2003,,0,0,1,1,0,0,0,0,0,1,0,0,0,0,0,,normal,,,,{W},16200,4711,,65b29701-814c-56f6-8832-461ca94f0176,27185,27184,130552,Righteousness,36,,Target blocking creature gets +7/+7 until end of turn.,Instant,,,"10E,2ED,3ED,4BB,4ED,5ED,9ED,CED,CEI,DDL,ELD,FBB,LEA,LEB,M10,SUM",,"{'cardKingdom': 'https://mtgjson.com/links/2a40307b3b5b449a', 'cardKingdomFoil': 'https://mtgjson.com/links/27f686be1b473504', 'cardmarket': 'https://mtgjson.com/links/81911a396c38018a', 'tcgplayer': 'https://mtgjson.com/links/b75a138039b7eed2'}",rare,bda6c9d5-113f-44f1-bfaf-c40001ba9f60,a6d52517-5ba3-418e-807e-1748d27a5220,3f6b2f76-0364-415e-a6a2-e9e5bf31b745,10E,,,,15281,Target blocking creature gets +7/+7 until end of turn.,,Instant,Instant,9a14261a-b567-5429-a5ca-a913e15d8bf7,,
26,27,Anson Maddocks,,"mtgo,paper",black,123124,122756,W,,W,2.0,,17571.0,,,,Healers ultimately acquire the divine gifts of spiritual and physical wholeness. The most devout are also granted the ability to pass physical wholeness on to others.,,2003,,0,0,1,1,0,0,0,0,0,1,0,0,0,0,0,,normal,,,,{1}{W},16202,4880,,8c1f4545-5e15-53c8-89ee-1b8ac31f89f9,27425,27424,132101,Samite Healer,38,,{T}: Prevent the next 1 damage that would be dealt to target creature or player this turn.,Creature - Human Cleric,,1,"10E,2ED,3ED,4BB,4ED,5ED,6ED,7ED,8ED,9ED,ATH,CED,CEI,FBB,LEA,LEB,SUM",,"{'cardKingdom': 'https://mtgjson.com/links/2782064e8ce8d55c', 'cardKingdomFoil': 'https://mtgjson.com/links/4898a5508fe06564', 'cardmarket': 'https://mtgjson.com/links/8eb1a21dc1f8f979', 'tcgplayer': 'https://mtgjson.com/links/8443ec550028844b'}",common,621f9a58-0bc8-40dd-aef1-43618274d6fe,77807ac5-5d3d-4101-96e7-9fe087f8a975,95a0ca48-d924-47f4-86ed-42c673ee778c,10E,,"Human,Cleric",,15293,{T}: Prevent the next 1 damage that would be dealt to any target this turn.,1,Creature — Human Cleric,Creature,a2be2e9b-5211-53e6-ac6a-abd65dbcac1d,,
27,28,Zoltan Boros & Gabor Szikszai,,"mtgo,paper",black,,122758,W,,W,4.0,,10583.0,,,,,,2003,,0,0,0,1,0,0,0,0,0,1,0,0,0,0,0,Enchant,normal,,,,{2}{W}{W},16204,5074,,fb054632-e147-5ade-bfc1-bd00d377fc26,26997,26996,135214,Serra's Embrace,40,,"Enchant creature (Target a creature as you play this. This card comes into play attached to that creature.)
Enchanted creature gets +2/+2 and has flying and vigilance. (It can't be blocked except by creatures with flying or reach, and attacking doesn't cause it to tap.)",Enchantment - Aura,,,"10E,7ED,DDC,DVD,MB1,PS11,USG",,"{'cardKingdom': 'https://mtgjson.com/links/906d43d78355b65f', 'cardmarket': 'https://mtgjson.com/links/3a5925560bb656fb', 'tcgplayer': 'https://mtgjson.com/links/c7e867435b703fac'}",uncommon,2ba6c4f3-59cf-4eb8-97fb-c9138005e19c,6d748ebc-876a-40c0-9031-0e731d9479ae,6d6ba936-4a15-4c40-aaa6-71605fb732d1,10E,,Aura,,15304,"Enchant creature
Enchanted creature gets +2/+2 and has flying and vigilance.",,Enchantment — Aura,Enchantment,fe9187fa-cd14-5618-9a62-bcf18b523d84,dc219ada-64b4-5846-9840-e49986109aa9,
28,29,Stephen Daniele,,"mtgo,paper",black,123149,122781,U,,U,3.0,,12413.0,,,,They brandish their latest theories as warriors would wield weapons.,,2003,,0,0,1,1,0,0,0,0,0,1,0,0,0,0,0,,normal,,,,{1}{U}{U},16227,26,,047d5499-a21c-5f5c-9679-1599fcaf9815,27275,27274,132072,Academy Researchers,63,,"When Academy Researchers comes into play, you may put an Aura card from your hand into play attached to Academy Researchers.",Creature - Human Wizard,,2,"10E,USG",,"{'cardKingdom': 'https://mtgjson.com/links/b6590d0b0bee2a8d', 'cardKingdomFoil': 'https://mtgjson.com/links/6e2b285d06dac1f7', 'cardmarket': 'https://mtgjson.com/links/65ad62c279f3ce19', 'tcgplayer': 'https://mtgjson.com/links/b01e822653175b0b'}",uncommon,b62ca800-ec24-476e-b56f-834eef9622a9,cf5efc65-9aa2-466b-bd2b-448ad69ab474,df2d2c52-475b-4057-9cf8-7886700f0fae,10E,,"Human,Wizard",,15024,"When Academy Researchers enters the battlefield, you may put an Aura card from your hand onto the battlefield attached to Academy Researchers.",2,Creature — Human Wizard,Creature,b8a68840-4044-52c0-a14e-0a1c630ba42c,,
29,30,Kev Walker,,"mtgo,paper",black,,122782,U,,U,5.0,,11726.0,,,,"""The East Wind, an interloper in the dominions of Westerly Weather, is an impassive-faced tyrant with a sharp poniard held behind his back for a treacherous stab.""
—Joseph Conrad, *The Mirror of the Sea*",,2003,,0,0,0,1,0,0,0,0,0,1,0,0,0,0,0,Flying,normal,,,,{3}{U}{U},16228,81,,2854f284-974b-5842-8748-7c300e825b6c,27001,27000,129459,Air Elemental,64,,Flying (This creature can't be blocked except by creatures with flying or reach.),Creature - Elemental,,4,"10E,2ED,3ED,4BB,4ED,5ED,6ED,7ED,8ED,9ED,ANB,BRB,BTD,CED,CEI,DD2,DPA,FBB,GNT,JVC,LEA,LEB,M10,M19,M20,ME4,P02,PS11,S99,SUM,W17,XLN",,"{'cardKingdom': 'https://mtgjson.com/links/df98a4f2227a3062', 'cardmarket': 'https://mtgjson.com/links/38d327fe482e96ea', 'tcgplayer': 'https://mtgjson.com/links/e47e592c631a108e'}",uncommon,be2326dd-78c9-46bb-a459-306602939a41,75263648-0dd8-4b7f-a508-317e7db284ce,7744bae4-a8b7-44a5-9b4c-0048ad4cc448,10E,,Elemental,,15029,Flying,4,Creature — Elemental,Creature,76ddd7f5-1a84-55d5-98f5-4883c217e0d8,76d4f437-02e5-5f1c-a1d3-eddb55e8725d,
30,31,Jim Murray,,"mtgo,paper",black,123151,122783,U,,U,3.0,,9019.0,,,,"""Life is a game. The only thing that matters is whether you're a pawn or a player.""",,2003,,0,0,1,1,0,0,0,0,0,1,0,0,0,0,0,Mill,normal,"{'brawl': False, 'commander': True, 'oathbreaker': False}",,,{1}{U}{U},16229,132,,f9db3498-1b48-5877-8cef-d07c65c6cc20,27157,27156,129913,Ambassador Laquatus,65,,{3}: Target player puts the top three cards of his or her library into his or her graveyard.,Legendary Creature - Merfolk Wizard,,1,"10E,TOR",,"{'cardKingdom': 'https://mtgjson.com/links/2551b5f72c79bfc2', 'cardKingdomFoil': 'https://mtgjson.com/links/baaf6dd6df19ef38', 'cardmarket': 'https://mtgjson.com/links/a505ef0d73e9b807', 'tcgplayer': 'https://mtgjson.com/links/cca8de1b2290ac35'}",rare,b261067f-b5de-41cc-ba9e-6ef4c061e170,11ce5af9-1f4a-405f-9f80-27c5271f0c1c,2df8f253-1d3c-4b1f-8549-93fb90623474,10E,,"Merfolk,Wizard",Legendary,15030,{3}: Target player mills three cards.,3,Legendary Creature — Merfolk Wizard,Creature,29723d8d-34c9-5009-8b79-2c679e35f674,,
31,32,Christopher Moeller,,"mtgo,paper",black,,122786,U,,U,4.0,,16628.0,,,,The same spears that catch their food today will defend their homes tomorrow.,,2003,,0,0,0,1,0,0,0,0,0,1,0,0,0,0,0,Flying,normal,,,,{3}{U},16232,372,,aea807be-9b29-53fa-9665-b00b62d5dced,27489,27488,130985,Aven Fisher,68,,"Flying (This creature can't be blocked except by creatures with flying or reach.)
When Aven Fisher is put into a graveyard from play, you may draw a card.",Creature - Bird Soldier,,2,"10E,8ED,9ED,ODY",,"{'cardKingdom': 'https://mtgjson.com/links/64ef80425989fb2b', 'cardmarket': 'https://mtgjson.com/links/b113c5154ff3c5df', 'tcgplayer': 'https://mtgjson.com/links/65b39afbe17ed217'}",common,bba2cd91-84a7-4d05-9a0c-55440491be1e,fcc48146-0aee-43b6-adcd-63959b8a33a7,69a72414-d02f-4a5c-b5c9-8941bb181f61,10E,,"Bird,Soldier",,15046,"Flying (This creature can't be blocked except by creatures with flying or reach.)
When Aven Fisher dies, you may draw a card.",2,Creature — Bird Soldier,Creature,758df5d5-992f-5d30-b6bc-87cb1a0788ab,e4b4684b-8e14-5fcf-9286-497b7afd5b3a,
32,33,Greg Hildebrandt,,"mtgo,paper",black,,122787,U,,U,5.0,,17986.0,,,,"""The tiniest ripple tells a story ten fathoms deep.""",,2003,,0,0,0,1,0,0,0,0,0,1,0,0,0,0,0,Flying,normal,,,,{3}{U}{U},16233,383,,4ab8c1bf-a3f4-5b65-9768-ca3c1a2e7748,27495,27494,129473,Aven Windreader,69,,"Flying (This creature can't be blocked except by creatures with flying or reach.)
{1}{U}: Target player reveals the top card of his or her library.",Creature - Bird Soldier Wizard,,3,"10E,9ED,ODY,PSAL",,"{'cardKingdom': 'https://mtgjson.com/links/15f94639c9fa6739', 'cardmarket': 'https://mtgjson.com/links/44a3ea81281dd866', 'tcgplayer': 'https://mtgjson.com/links/dfc13f3d274992be'}",common,3a67d7ae-3117-433f-ad82-44a4f015fecf,6a3b1e17-b8b7-4a08-a7c7-df6783b4ac38,8406b724-a824-4905-83e0-a6c02d7f72e3,10E,,"Bird,Soldier,Wizard",,15047,"Flying (This creature can't be blocked except by creatures with flying or reach.)
{1}{U}: Target player reveals the top card of their library.",3,Creature — Bird Soldier Wizard,Creature,d833c453-58c5-5ff6-91b2-f526ca5f808a,e11ae348-44d1-5d45-bc5c-99a44d2acd5c,
33,34,Arnie Swekel,,"mtgo,paper",black,123156,122788,U,,U,2.0,,4501.0,,,,Early Jamuraan hunters devised a weapon that would return to its source. Tolarian Aethermancers developed a spell that skipped the weapon entirely.,,2003,,0,0,1,1,0,0,0,0,0,1,0,0,0,0,0,,normal,,,,{U}{U},16234,657,,bb865095-2690-5bee-a1ee-fd7d127acf28,27682,27681,129494,Boomerang,70,,Return target permanent to its owner's hand.,Instant,,,"10E,5ED,6ED,7ED,8ED,9ED,CHR,DPA,LEG,ME3,MIR,PG07,PRM,PS11,PSAL",,"{'cardKingdom': 'https://mtgjson.com/links/54bed0d91d435c10', 'cardKingdomFoil': 'https://mtgjson.com/links/fa69e88870a48cb8', 'cardmarket': 'https://mtgjson.com/links/aaa0e2f40b620368', 'tcgplayer': 'https://mtgjson.com/links/5ba83db36bb6f0cb'}",common,f4095675-1e3f-4d3c-b565-5c434d2e5cc0,c085ab49-41bc-4a66-8b8d-675e4a447cb4,dc4a4996-108a-4aac-850f-2d9f76403446,10E,,,,15062,Return target permanent to its owner's hand.,,Instant,Instant,1aac00c8-3b6e-5bdd-9fde-6cfcbc7837c0,,
34,35,Mark Poole,,"mtgo,paper",black,123157,122789,U,,U,3.0,,1157.0,,,,,,2003,,0,0,1,1,0,0,0,0,0,1,0,0,0,0,0,,normal,,,,{1}{U}{U},16235,8329,,de8ef420-862b-5b5c-a112-79c22cfdbceb,27754,27753,129882,Cancel,71,,Counter target spell.,Instant,,,"10E,AKH,ALA,DPA,KTK,M10,M11,M12,M14,M15,M19,M21,MB1,P10,PC2,PCA,PRM,PS11,RTR,TSP,XLN,ZEN",,"{'cardKingdom': 'https://mtgjson.com/links/601303acc9f43b72', 'cardKingdomFoil': 'https://mtgjson.com/links/9798f86d473cd02b', 'cardmarket': 'https://mtgjson.com/links/d7e71a0e812a81db', 'tcgplayer': 'https://mtgjson.com/links/2d4a981573949c6c'}",common,1850d1d5-f506-4e50-9d51-408f987bbbbd,ffd375af-af0d-451b-9296-904cf1c60ef8,7d00fb28-ea6c-49a9-b4af-ffb38860a9a7,10E,,,,15065,Counter target spell.,,Instant,Instant,cdc96814-2f52-5314-80ab-0cff2dcc5054,,
35,36,Alan Pollack,,"mtgo,paper",black,123158,122790,U,,U,3.0,,5267.0,,,,Cephalids don't police people. They police loyalties.,,2003,,0,0,1,1,0,0,0,0,0,1,0,0,0,0,0,,normal,,,,{1}{U}{U},16236,887,,031a56f1-1554-5ad3-b889-afe198354b85,27505,27504,135261,Cephalid Constable,72,,"Whenever Cephalid Constable deals combat damage to a player, return up to that many target permanents that player controls to their owners' hands.",Creature - Cephalid Wizard,,1,"10E,JUD,PSAL",,"{'cardKingdom': 'https://mtgjson.com/links/1072f0a115b91b5a', 'cardKingdomFoil': 'https://mtgjson.com/links/851ad542b473eb18', 'cardmarket': 'https://mtgjson.com/links/92e238e8607035a6', 'tcgplayer': 'https://mtgjson.com/links/4c7537914065ddb6'}",rare,82c5272d-df5b-4c21-9bff-4d6245b8d2a6,8a8c5787-efc7-4964-b9ee-f8a68ad7d3ee,a5236bf7-c84f-4c64-bf6b-3a89c05e161a,10E,,"Cephalid,Wizard",,15068,"Whenever Cephalid Constable deals combat damage to a player, return up to that many target permanents that player controls to their owner's hand.",1,Creature — Cephalid Wizard,Creature,9af574e4-dc6e-5246-8fe7-fee6c4c77a76,,
36,37,Kev Walker,,"mtgo,paper",black,123159,122791,U,,U,4.0,,1743.0,,,,,,2003,,0,0,1,1,0,0,0,0,0,1,0,0,0,0,0,,normal,,,,{3}{U},16237,1041,,c75ee39c-5afd-54c0-b2bf-be3d455373c2,27700,27699,129501,Clone,73,,"As Clone comes into play, you may choose a creature in play. If you do, Clone comes into play as a copy of that creature.",Creature - Shapeshifter,,0,"10E,2ED,3ED,9ED,CED,CEI,DDI,FBB,LEA,LEB,M10,M11,M13,M14,ONS,SUM",,"{'cardKingdom': 'https://mtgjson.com/links/230e1a1fea5c24f6', 'cardKingdomFoil': 'https://mtgjson.com/links/983c82d737d9a060', 'cardmarket': 'https://mtgjson.com/links/0831b0bc81e891eb', 'tcgplayer': 'https://mtgjson.com/links/b74d3a56bd9999f8'}",rare,0782f78b-ff4d-4567-8606-d4f0ebb0a304,2d71423d-b095-47bd-bf25-0723bd5b9d82,42226b87-0746-4ebf-9fd0-108d508462af,10E,,Shapeshifter,,15074,You may have Clone enter the battlefield as a copy of any creature on the battlefield.,0,Creature — Shapeshifter,Creature,8dfc67e9-8323-5d1f-9e25-9f9394abd5a0,,
37,38,Michael Sutfin,,"mtgo,paper",black,,122792,U,,U,3.0,,18953.0,,,,The soratami surround their sky-castles with living clouds that serve as both sword and shield.,,2003,,0,0,0,1,0,0,0,0,0,1,0,0,0,0,0,Flying,normal,,,,{2}{U},16238,1047,,ac0bc104-7986-5eb4-b6c9-375120468c17,27153,27152,129804,Cloud Elemental,74,,"Flying (This creature can't be blocked except by creatures with flying or reach.)
Cloud Elemental can block only creatures with flying.",Creature - Elemental,,2,"10E,BTD,M11,MB1,MM2,VIS,WC97",,"{'cardKingdom': 'https://mtgjson.com/links/4d6a22e5e423f0e0', 'cardmarket': 'https://mtgjson.com/links/28b2bf03037818e2', 'tcgplayer': 'https://mtgjson.com/links/bf3cd9e4a444d7dc'}",common,c6bc3025-704f-476b-bcb3-74b905755dc9,005698d0-90cc-42ed-bedf-fff9b0a9a685,0b751cc7-3a19-4207-9e64-83e18d279588,10E,,Elemental,,15075,"Flying
Cloud Elemental can block only creatures with flying.",3,Creature — Elemental,Creature,596a7bd4-895b-5e7c-8124-373fd709444d,4fed8c53-5ff9-51ce-a7a8-2fc629bf3d24,
38,39,Mark Zug,,"mtgo,paper",black,,122793,U,,U,1.0,,7829.0,,,,"The delicate sprites carry messages for Saprazzans, but they refuse to land in Mercadia City's filthy markets.",,2003,,0,0,0,1,0,0,0,0,0,1,0,0,0,0,0,Flying,normal,,,,{U},16239,1051,,807c3d5b-7fdc-5f9a-910d-20d6d1fbbe1a,27329,27328,132069,Cloud Sprite,75,,"Flying (This creature can't be blocked except by creatures with flying or reach.)
Cloud Sprite can block only creatures with flying.",Creature - Faerie,,1,"10E,DPA,MMQ,PS11",,"{'cardKingdom': 'https://mtgjson.com/links/60de15fd43b3d804', 'cardmarket': 'https://mtgjson.com/links/578ae12c269c9615', 'tcgplayer': 'https://mtgjson.com/links/9d5adf86cfeeb9a5'}",common,feacf831-a6e4-456b-b8f2-d7ec554281a1,c450f466-2cc3-44c2-acdf-831333b9533d,283433cb-9466-4b40-8af9-30934654d43b,10E,,Faerie,,15076,"Flying (This creature can't be blocked except by creatures with flying or reach.)
Cloud Sprite can block only creatures with flying.",1,Creature — Faerie,Creature,fdbec3b3-f6f2-5149-a70a-4f9d2622a87b,ba5acf09-98cc-5052-b65e-c5145e92fc1a,
39,40,Randy Gallegos,,"mtgo,paper",black,123162,122794,U,,U,3.0,,9518.0,,,,"""Wisdom is not the counting of all the drops in a waterfall. Wisdom is learning why the water seeks the earth.""",,2003,,0,0,1,1,0,0,0,0,0,1,0,0,0,0,0,,normal,,,,{2}{U},16240,6958,,1aa697f8-b8d9-548e-92d2-427640efc113,27664,27663,134757,Counsel of the Soratami,76,,Draw two cards.,Sorcery,,,"10E,9ED,CHK",,"{'cardKingdom': 'https://mtgjson.com/links/9f2d510f7de5e3d7', 'cardKingdomFoil': 'https://mtgjson.com/links/1f1b3f05b03eb3c3', 'cardmarket': 'https://mtgjson.com/links/a7a4a0f1c3bac621', 'tcgplayer': 'https://mtgjson.com/links/428f1bed2e3150c3'}",common,1224718a-e1a7-473d-ac9d-497e624376cd,65206491-1cfa-4820-b894-4406f0b6ff3e,62ddc5ae-ced9-4319-854c-1a114c6afc3f,10E,,,,15085,Draw two cards.,,Sorcery,Sorcery,eb5c94c7-5494-5669-9c54-6f3672d65683,,
40,41,Wayne England,,"mtgo,paper",black,123163,122795,U,,U,3.0,,14672.0,,,,"Follow the pathmage
—Otarian expression meaning ""escape quickly""",,2003,,0,0,1,1,0,0,0,0,0,1,0,0,0,0,0,,normal,,,,{2}{U},16241,1166,,c5fdd729-0c3c-53b9-8741-d9023fca6dd7,27513,27512,134758,Crafty Pathmage,77,,{T}: Target creature with power 2 or less is unblockable this turn.,Creature - Human Wizard,,1,"10E,9ED,ONS",,"{'cardKingdom': 'https://mtgjson.com/links/feb9f3f575cf9642', 'cardKingdomFoil': 'https://mtgjson.com/links/291d59410cafe3d2', 'cardmarket': 'https://mtgjson.com/links/28b5100c9beadee7', 'tcgplayer': 'https://mtgjson.com/links/39fc7eb1acebc28e'}",common,f186271c-2b03-4e0c-b922-27e23787d865,d21a5419-9ac2-4f97-832f-6249b6a40d02,c4020178-71d9-4363-a0bd-b9a7eecd5d02,10E,,"Human,Wizard",,15086,{T}: Target creature with power 2 or less can't be blocked this turn.,1,Creature — Human Wizard,Creature,8d5f87fd-7a87-572b-bdce-303effec6b92,,
41,42,Arnie Swekel,,"mtgo,paper",black,,122796,U,,U,4.0,,18658.0,,,,,,2003,,0,0,0,1,0,0,0,0,0,1,0,0,0,0,0,Enchant,normal,,,,{3}{U},16242,1421,,1cc1e203-89d1-5d70-866d-48002aa268fa,27555,27554,129521,Dehydration,78,,"Enchant creature (Target a creature as you play this. This card comes into play attached to that creature.)
Enchanted creature doesn't untap during its controller's untap step.",Enchantment - Aura,,,"10E,8ED,9ED,MMQ,PSAL",,"{'cardKingdom': 'https://mtgjson.com/links/3569c3c3c03f8514', 'cardmarket': 'https://mtgjson.com/links/e8bb2860d09d61e7', 'tcgplayer': 'https://mtgjson.com/links/29c90112ae7f54e5'}",common,4414ad73-146e-47a6-926a-ec148194bb50,f3d8b425-84ba-4074-a033-cb9029871a05,db27c686-e202-4b60-9a10-0a0fef25576c,10E,,Aura,,15093,"Enchant creature (Target a creature as you cast this. This card enters the battlefield attached to that creature.)
Enchanted creature doesn't untap during its controller's untap step.",,Enchantment — Aura,Enchantment,5a50a7e8-2ed1-5e8a-8867-c96f1186bd47,2bbaf3d6-9fbc-5ab8-93d3-d26e2ddec999,
42,43,Wayne England,,"mtgo,paper",black,123165,122797,U,,U,3.0,,11177.0,,,,"""From the sea came all life, and to the sea it will return. The sooner the better.""
—Emperor Aboshan",,2003,,0,0,1,1,0,0,0,0,0,1,0,0,0,0,0,,normal,,,,{2}{U},16243,1428,,b3bf8c54-da02-5028-b1ec-5485b4861e56,27487,27486,135223,Deluge,79,,Tap all creatures without flying.,Instant,,,"10E,DPA,ODY,PS11",,"{'cardKingdom': 'https://mtgjson.com/links/66f8f5079d5c69a8', 'cardKingdomFoil': 'https://mtgjson.com/links/b5b2664c4b2dc51c', 'cardmarket': 'https://mtgjson.com/links/51bcef8bfbc9707d', 'tcgplayer': 'https://mtgjson.com/links/42c1504621580b14'}",uncommon,baf37153-ec4c-4c2f-89f7-450f0a157311,4d85bb34-1b7d-4cfb-96bd-488ab0a3f111,cd271e61-0135-484f-ae02-5aaca57c1124,10E,,,,15094,Tap all creatures without flying.,,Instant,Instant,a9a74d88-7663-5419-a74c-5a28e8642b4f,,
43,44,Jim Pavelec,,"mtgo,paper",black,123166,122798,U,,U,8.0,,13379.0,,,,"According to merfolk legend, a denizen of the deep swallows the horizon at the end of each day, bringing on the cold blanket of night.",,2003,,0,0,1,1,0,0,0,0,0,1,0,0,0,0,0,,normal,,,,{6}{U}{U},16244,1440,,0498cd5a-75e9-5163-90e8-f8d15a97af59,27103,27102,135250,Denizen of the Deep,80,,"When Denizen of the Deep comes into play, return each other creature you control to its owner's hand.",Creature - Serpent,,11,"10E,DPA,P02,PS11,S99",,"{'cardKingdom': 'https://mtgjson.com/links/f05d4b6309d3a721', 'cardKingdomFoil': 'https://mtgjson.com/links/5f050a295f473b03', 'cardmarket': 'https://mtgjson.com/links/5b46dc7938598455', 'tcgplayer': 'https://mtgjson.com/links/1aedf3303b29d868'}",rare,3bf7e928-511c-4a31-b1fb-8c28bd41182a,0faf4f5e-80f8-4631-8d33-c8ea9672245a,fc1bb5b9-5e36-4154-b683-e62f4f66f2b6,10E,,Serpent,,15098,"When Denizen of the Deep enters the battlefield, return each other creature you control to its owner's hand.",11,Creature — Serpent,Creature,f4ee3e9e-21da-5a63-8278-3efa59da7df3,,
44,45,Alex Horley-Orlandelli,,"mtgo,paper",black,123167,122799,U,,U,4.0,,10523.0,,,,"""I said 'pick his brain,' not 'tear off his head.'""
—Riptide Project researcher",,2003,,0,0,1,1,0,0,0,0,0,1,0,0,0,0,0,,normal,,,,{2}{U}{U},16245,1506,,22ae1f11-52af-5d4b-b10d-731b833072e6,27515,27514,134749,Discombobulate,81,,"Counter target spell. Look at the top four cards of your library, then put them back in any order.",Instant,,,"10E,ONS",,"{'cardKingdom': 'https://mtgjson.com/links/7829a4f7eac288e8', 'cardKingdomFoil': 'https://mtgjson.com/links/192b89fa56eba659', 'cardmarket': 'https://mtgjson.com/links/3cb7cad5c6d9711e', 'tcgplayer': 'https://mtgjson.com/links/6eb0bcaa5d04fbec'}",uncommon,8bee0d51-f4a1-4a3a-9ccd-540c3afe62d0,92b28862-8d4c-49b5-a9b1-c739f4ffbd6b,b58d7a20-4bcd-4c33-8cda-955362525f48,10E,,,,15100,"Counter target spell. Look at the top four cards of your library, then put them back in any order.",,Instant,Instant,e2066f75-65de-5254-82f2-8e1f969bf31b,,
45,46,Kev Walker,,"mtgo,paper",black,123168,122800,U,,U,4.0,,2796.0,,,,"""Her voice is insight, piercing and true.""
—Ixidor, reality sculptor",,2003,,0,0,1,1,0,0,0,0,0,1,0,0,0,0,0,Mill,normal,,,,{2}{U}{U},16246,1605,,8d3b077d-fc4d-580c-aabf-d24acb3063b3,27543,27542,135246,Dreamborn Muse,82,,"At the beginning of each player's upkeep, that player puts the top X cards of his or her library into his or her graveyard, where X is the number of cards in his or her hand.",Creature - Spirit,,2,"10E,CM2,CMD,LGN",,"{'cardKingdom': 'https://mtgjson.com/links/79daa9c6c4ab9b7a', 'cardKingdomFoil': 'https://mtgjson.com/links/e2da781012a3953e', 'cardmarket': 'https://mtgjson.com/links/a9d36d64fe481fc5', 'tcgplayer': 'https://mtgjson.com/links/8acfb8c64a51a99d'}",rare,53ebb96f-185b-4aa5-ad4b-9c02ce44d387,4fccdaf9-d4af-413e-a180-b3a326227e28,68d7f338-c6e7-4372-b41c-901e39e08bde,10E,,Spirit,,15106,"At the beginning of each player's upkeep, that player mills X cards, where X is the number of cards in their hand.",2,Creature — Spirit,Creature,6f9ae90a-5638-5b88-a3d7-ccea4372eb79,,
46,47,Franz Vohwinkel,,"mtgo,paper",black,123169,122801,U,,U,5.0,,686.0,,,,"""Once I supply the breeze, you'll see your warriors for the smoke they truly are.""
—Alexi, zephyr mage",,2003,,0,0,1,1,0,0,0,0,0,1,0,0,0,0,0,,normal,,,,{3}{U}{U},16247,1882,,53370ae6-4591-50cb-96c1-89ea1778f6f9,27129,27128,129541,Evacuation,83,,Return all creatures to their owners' hands.,Instant,,,"10E,7ED,8ED,9ED,C16,DPA,PS11,STH",,"{'cardKingdom': 'https://mtgjson.com/links/3ae535b3c4908672', 'cardKingdomFoil': 'https://mtgjson.com/links/f5ea7648d4346771', 'cardmarket': 'https://mtgjson.com/links/30edb246b1c257a0', 'tcgplayer': 'https://mtgjson.com/links/e87b88aea0ac7a89'}",rare,a978fa0a-a52b-4464-afe3-d9f7bc202e63,0f1e6d11-36e4-440c-8133-10110d8891a2,fdd94383-b573-439a-8e1c-925af887c5a6,10E,,,,15118,Return all creatures to their owners' hands.,,Instant,Instant,100f46ae-e457-5491-b5d1-66cd9284304c,,
47,48,Roger Raupp,,"mtgo,paper",black,123211,122843,B,,B,3.0,,16625.0,,,,"One rarely notices a heartbeat, save when it is stolen.",,2003,,0,0,1,1,0,0,0,0,0,1,0,0,0,0,0,,normal,,,,{2}{B},16289,66,,8774e18f-3752-5c06-af94-5da3960da9ed,27483,27482,135206,Afflict,125,,"Target creature gets -1/-1 until end of turn.
Draw a card.",Instant,,,"10E,ODY",,"{'cardKingdom': 'https://mtgjson.com/links/f482c95c918b9360', 'cardKingdomFoil': 'https://mtgjson.com/links/1e5ea78c0b988422', 'cardmarket': 'https://mtgjson.com/links/d4769234b08c2262', 'tcgplayer': 'https://mtgjson.com/links/2cfe3a25e6fa5d8a'}",common,20f18447-2853-469b-b3b3-20d6bcafa6e7,83259a38-bbad-4dd1-bcd5-d1b1d96b0380,471f6ad3-cf01-42dd-a519-ea8e13039fea,10E,,,,15026,"Target creature gets -1/-1 until end of turn.
Draw a card.",,Instant,Instant,9acf4d13-d68f-5fec-93b4-caf0a14725a5,,
48,49,Adam Rex,,"mtgo,paper",black,123212,122844,B,,B,4.0,,17734.0,,,,"In the aftermath of war, when the slaying is long done, the greatest miseries come home to roost.",,2003,,0,0,1,1,0,0,0,0,0,1,0,0,0,0,0,,normal,,,,{2}{B}{B},16290,79,,13fbd62d-8c76-52fa-a91d-a20cc34747ab,27387,27386,135228,Agonizing Memories,126,,Look at target player's hand and choose two cards from it. Put them on top of that player's library in any order.,Sorcery,,,"10E,6ED,7ED,WTH",,"{'cardKingdom': 'https://mtgjson.com/links/2658a7c867bfce78', 'cardKingdomFoil': 'https://mtgjson.com/links/859e1ee22b75c9da', 'cardmarket': 'https://mtgjson.com/links/d5d9321fa5d1a301', 'tcgplayer': 'https://mtgjson.com/links/9f4ca945a1c9111a'}",uncommon,28bac7a8-d3bb-4032-b30b-db7328e4d2fc,8c77f7f7-4605-4315-9f9f-9690774d5945,2ac9d397-10ca-43ce-bff9-45d631553486,10E,,,,15028,Look at target player's hand and choose two cards from it. Put them on top of that player's library in any order.,,Sorcery,Sorcery,4429ce97-b78e-5bc4-bd34-a38b26794bdf,,
49,50,Mark Zug,,"mtgo,paper",black,,122845,B,,B,6.0,,7053.0,,,,"His soul snared by an angel's curse, Crovax twisted heroism into its purest shadow.",,2003,,0,0,0,1,0,0,0,0,0,1,0,0,0,0,0,Flying,normal,"{'brawl': False, 'commander': True, 'oathbreaker': False}",,,{4}{B}{B},16291,309,,db6218d8-04ed-52c6-9ea9-2a3d763eaba1,27333,27332,106525,Ascendant Evincar,127,,"Flying (This creature can't be blocked except by creatures with flying or reach.)
Other black creatures get +1/+1.
Nonblack creatures get -1/-1.",Legendary Creature - Vampire,,3,"10E,DPA,HOP,NEM,PMEI,PS11",,"{'cardKingdom': 'https://mtgjson.com/links/2396eea300472974', 'cardmarket': 'https://mtgjson.com/links/483738a163680a8f', 'tcgplayer': 'https://mtgjson.com/links/b371e5e21cf79b67'}",rare,82419eea-a397-41df-b526-f3bea857bbbd,4f85fc04-7734-49eb-99da-ecb604b2f14b,e32c0de7-132d-4a39-85fb-da0ed1132878,10E,,"Vampire,Noble",Legendary,15040,"Flying (This creature can't be blocked except by creatures with flying or reach.)
Other black creatures get +1/+1.
Nonblack creatures get -1/-1.",3,Legendary Creature — Vampire Noble,Creature,bba43f4e-a9eb-5c89-8389-5935a1fbd8b3,c206ab94-4325-5766-91d6-62b8f50aeac8,
50,51,Mark Zug,,"mtgo,paper",black,123213,,B,,B,6.0,,7053.0,,,,"His soul snared by an angel's curse, Crovax twisted heroism into its purest shadow.",,2003,,0,0,1,0,1,0,0,0,0,1,0,0,0,0,0,Flying,normal,"{'brawl': False, 'commander': True, 'oathbreaker': False}",,,{4}{B}{B},16291,309,,f2d8870e-3ac7-550c-9f80-742b19735a38,,,,Ascendant Evincar,127★,,,,,3,"10E,DPA,HOP,NEM,PMEI,PS11",,"{'cardKingdomFoil': 'https://mtgjson.com/links/1ba36122cc87f5f1', 'cardmarket': 'https://mtgjson.com/links/9567fd2d2873e916', 'tcgplayer': 'https://mtgjson.com/links/74f8aa583951fb8c'}",rare,1d1244ad-5b5f-41e8-bb0e-9cc854e663fb,4f85fc04-7734-49eb-99da-ecb604b2f14b,e32c0de7-132d-4a39-85fb-da0ed1132878,10E,,"Vampire,Noble",Legendary,15040,"Flying (This creature can't be blocked except by creatures with flying or reach.)
Other black creatures get +1/+1.
Nonblack creatures get -1/-1.",3,Legendary Creature — Vampire Noble,Creature,c206ab94-4325-5766-91d6-62b8f50aeac8,bba43f4e-a9eb-5c89-8389-5935a1fbd8b3,